title,id,published,updated
Apache Struts に関するセキュリティ情報 (2022年1月4日 公開),MYJVN-ALT-2022-0001,2022-01-04T10:07:07+09:00,2022-01-04T10:07:07+09:00
WordPress に関するセキュリティ情報 (2022年1月7日 公開),MYJVN-ALT-2022-0002,2022-01-07T09:51:37+09:00,2022-01-07T09:51:37+09:00
Adobe Reader および Acrobat に関するセキュリティ情報 (2022年1月12日 公開),MYJVN-ALT-2022-0004,2022-01-12T12:12:59+09:00,2022-01-12T12:12:59+09:00
Microsoft 製品に関するセキュリティ情報 (2022年1月12日 公開),MYJVN-ALT-2022-0003,2022-01-12T12:11:45+09:00,2022-01-12T12:11:45+09:00
Joomla! に関するソフトウェア更新情報 (2022年1月19日 公開),MYJVN-ALT-2022-0005,2022-01-19T10:01:37+09:00,2022-01-19T10:01:37+09:00
Oracle Java に関するセキュリティ情報 (2022年1月19日 公開),MYJVN-ALT-2022-0006,2022-01-19T12:11:22+09:00,2022-01-19T12:11:22+09:00
BIND に関するソフトウェア更新情報 (2022年1月20日 公開),MYJVN-ALT-2022-0007,2022-01-20T09:53:46+09:00,2022-01-20T09:53:46+09:00
Apache Tomcat に関するセキュリティ情報 (2022年1月21日 公開),MYJVN-ALT-2022-0008,2022-01-27T10:27:17+09:00,2022-01-27T10:27:17+09:00
Apache Struts に関するソフトウェア更新情報 (2022年1月24日 公開),MYJVN-ALT-2022-0009,2022-01-24T10:18:16+09:00,2022-01-24T10:18:16+09:00
WordPress に関するソフトウェア更新情報 (2022年1月26日 公開),MYJVN-ALT-2022-0010,2022-01-26T09:58:45+09:00,2022-01-26T09:58:45+09:00
BIND に関するソフトウェア更新情報 (2022年1月27日 公開),MYJVN-ALT-2022-0011,2022-01-27T10:19:19+09:00,2022-01-27T10:19:19+09:00
OpenSSL に関するセキュリティ情報 (2022年1月31日 公開),MYJVN-ALT-2022-0012,2022-01-31T09:55:41+09:00,2022-01-31T09:55:41+09:00
Microsoft 製品に関するセキュリティ情報 (2022年2月9日 公開),MYJVN-ALT-2022-0013,2022-02-09T12:20:31+09:00,2022-02-09T12:20:31+09:00
